image_path,mask_path
/home/Trachoma/annotated_data/FollicleDetection/SAMFollicleMasks/manual_check/Images/0301001_1.png,/home/Trachoma/annotated_data/FollicleDetection/SAMFollicleMasks/manual_check/Mask/0301001_1.png
/home/Trachoma/annotated_data/FollicleDetection/SAMFollicleMasks/manual_check/Images/0301007_20.png,/home/Trachoma/annotated_data/FollicleDetection/SAMFollicleMasks/manual_check/Mask/0301007_20.png
/home/Trachoma/annotated_data/FollicleDetection/SAMFollicleMasks/manual_check/Images/0301007_21.png,/home/Trachoma/annotated_data/FollicleDetection/SAMFollicleMasks/manual_check/Mask/0301007_21.png
/home/Trachoma/annotated_data/FollicleDetection/SAMFollicleMasks/manual_check/Images/0301007_22.png,/home/Trachoma/annotated_data/FollicleDetection/SAMFollicleMasks/manual_check/Mask/0301007_22.png
/home/Trachoma/annotated_data/FollicleDetection/SAMFollicleMasks/manual_check/Images/0301010_31.png,/home/Trachoma/annotated_data/FollicleDetection/SAMFollicleMasks/manual_check/Mask/0301010_31.png
/home/Trachoma/annotated_data/FollicleDetection/SAMFollicleMasks/manual_check/Images/0301017_52.png,/home/Trachoma/annotated_data/FollicleDetection/SAMFollicleMasks/manual_check/Mask/0301017_52.png
/home/Trachoma/annotated_data/FollicleDetection/SAMFollicleMasks/manual_check/Images/0301020_61.png,/home/Trachoma/annotated_data/FollicleDetection/SAMFollicleMasks/manual_check/Mask/0301020_61.png
/home/Trachoma/annotated_data/FollicleDetection/SAMFollicleMasks/manual_check/Images/0301024_78.png,/home/Trachoma/annotated_data/FollicleDetection/SAMFollicleMasks/manual_check/Mask/0301024_78.png
/home/Trachoma/annotated_data/FollicleDetection/SAMFollicleMasks/manual_check/Images/0301027_83.png,/home/Trachoma/annotated_data/FollicleDetection/SAMFollicleMasks/manual_check/Mask/0301027_83.png
/home/Trachoma/annotated_data/FollicleDetection/SAMFollicleMasks/manual_check/Images/0301033_102.png,/home/Trachoma/annotated_data/FollicleDetection/SAMFollicleMasks/manual_check/Mask/0301033_102.png
/home/Trachoma/annotated_data/FollicleDetection/SAMFollicleMasks/manual_check/Images/0301034_107.png,/home/Trachoma/annotated_data/FollicleDetection/SAMFollicleMasks/manual_check/Mask/0301034_107.png
/home/Trachoma/annotated_data/FollicleDetection/SAMFollicleMasks/manual_check/Images/0301035_104.png,/home/Trachoma/annotated_data/FollicleDetection/SAMFollicleMasks/manual_check/Mask/0301035_104.png
/home/Trachoma/annotated_data/FollicleDetection/SAMFollicleMasks/manual_check/Images/0301035_105.png,/home/Trachoma/annotated_data/FollicleDetection/SAMFollicleMasks/manual_check/Mask/0301035_105.png
/home/Trachoma/annotated_data/FollicleDetection/SAMFollicleMasks/manual_check/Images/0301036_112.png,/home/Trachoma/annotated_data/FollicleDetection/SAMFollicleMasks/manual_check/Mask/0301036_112.png
/home/Trachoma/annotated_data/FollicleDetection/SAMFollicleMasks/manual_check/Images/0301038_117.png,/home/Trachoma/annotated_data/FollicleDetection/SAMFollicleMasks/manual_check/Mask/0301038_117.png
/home/Trachoma/annotated_data/FollicleDetection/SAMFollicleMasks/manual_check/Images/0301041_127.png,/home/Trachoma/annotated_data/FollicleDetection/SAMFollicleMasks/manual_check/Mask/0301041_127.png
/home/Trachoma/annotated_data/FollicleDetection/SAMFollicleMasks/manual_check/Images/0301044_136.png,/home/Trachoma/annotated_data/FollicleDetection/SAMFollicleMasks/manual_check/Mask/0301044_136.png
/home/Trachoma/annotated_data/FollicleDetection/SAMFollicleMasks/manual_check/Images/0301046_142.png,/home/Trachoma/annotated_data/FollicleDetection/SAMFollicleMasks/manual_check/Mask/0301046_142.png
/home/Trachoma/annotated_data/FollicleDetection/SAMFollicleMasks/manual_check/Images/0301046_143.png,/home/Trachoma/annotated_data/FollicleDetection/SAMFollicleMasks/manual_check/Mask/0301046_143.png
/home/Trachoma/annotated_data/FollicleDetection/SAMFollicleMasks/manual_check/Images/0301047_145.png,/home/Trachoma/annotated_data/FollicleDetection/SAMFollicleMasks/manual_check/Mask/0301047_145.png
/home/Trachoma/annotated_data/FollicleDetection/SAMFollicleMasks/manual_check/Images/0301047_146.png,/home/Trachoma/annotated_data/FollicleDetection/SAMFollicleMasks/manual_check/Mask/0301047_146.png
/home/Trachoma/annotated_data/FollicleDetection/SAMFollicleMasks/manual_check/Images/0301054_168.png,/home/Trachoma/annotated_data/FollicleDetection/SAMFollicleMasks/manual_check/Mask/0301054_168.png
/home/Trachoma/annotated_data/FollicleDetection/SAMFollicleMasks/manual_check/Images/0301057_177.png,/home/Trachoma/annotated_data/FollicleDetection/SAMFollicleMasks/manual_check/Mask/0301057_177.png
/home/Trachoma/annotated_data/FollicleDetection/SAMFollicleMasks/manual_check/Images/0301062_192.png,/home/Trachoma/annotated_data/FollicleDetection/SAMFollicleMasks/manual_check/Mask/0301062_192.png
/home/Trachoma/annotated_data/FollicleDetection/SAMFollicleMasks/manual_check/Images/0301062_193.png,/home/Trachoma/annotated_data/FollicleDetection/SAMFollicleMasks/manual_check/Mask/0301062_193.png
/home/Trachoma/annotated_data/FollicleDetection/SAMFollicleMasks/manual_check/Images/0301068_211.png,/home/Trachoma/annotated_data/FollicleDetection/SAMFollicleMasks/manual_check/Mask/0301068_211.png
/home/Trachoma/annotated_data/FollicleDetection/SAMFollicleMasks/manual_check/Images/0301069_1.png,/home/Trachoma/annotated_data/FollicleDetection/SAMFollicleMasks/manual_check/Mask/0301069_1.png
/home/Trachoma/annotated_data/FollicleDetection/SAMFollicleMasks/manual_check/Images/0301069_2.png,/home/Trachoma/annotated_data/FollicleDetection/SAMFollicleMasks/manual_check/Mask/0301069_2.png
/home/Trachoma/annotated_data/FollicleDetection/SAMFollicleMasks/manual_check/Images/0301071_8.png,/home/Trachoma/annotated_data/FollicleDetection/SAMFollicleMasks/manual_check/Mask/0301071_8.png
/home/Trachoma/annotated_data/FollicleDetection/SAMFollicleMasks/manual_check/Images/0301072_13.png,/home/Trachoma/annotated_data/FollicleDetection/SAMFollicleMasks/manual_check/Mask/0301072_13.png
/home/Trachoma/annotated_data/FollicleDetection/SAMFollicleMasks/manual_check/Images/0301073_16.png,/home/Trachoma/annotated_data/FollicleDetection/SAMFollicleMasks/manual_check/Mask/0301073_16.png
/home/Trachoma/annotated_data/FollicleDetection/SAMFollicleMasks/manual_check/Images/0301076_26.png,/home/Trachoma/annotated_data/FollicleDetection/SAMFollicleMasks/manual_check/Mask/0301076_26.png
/home/Trachoma/annotated_data/FollicleDetection/SAMFollicleMasks/manual_check/Images/0301078_30.png,/home/Trachoma/annotated_data/FollicleDetection/SAMFollicleMasks/manual_check/Mask/0301078_30.png
/home/Trachoma/annotated_data/FollicleDetection/SAMFollicleMasks/manual_check/Images/0301087_55.png,/home/Trachoma/annotated_data/FollicleDetection/SAMFollicleMasks/manual_check/Mask/0301087_55.png
/home/Trachoma/annotated_data/FollicleDetection/SAMFollicleMasks/manual_check/Images/0301087_56.png,/home/Trachoma/annotated_data/FollicleDetection/SAMFollicleMasks/manual_check/Mask/0301087_56.png
/home/Trachoma/annotated_data/FollicleDetection/SAMFollicleMasks/manual_check/Images/0301096_83.png,/home/Trachoma/annotated_data/FollicleDetection/SAMFollicleMasks/manual_check/Mask/0301096_83.png
/home/Trachoma/annotated_data/FollicleDetection/SAMFollicleMasks/manual_check/Images/0301097_86.png,/home/Trachoma/annotated_data/FollicleDetection/SAMFollicleMasks/manual_check/Mask/0301097_86.png
/home/Trachoma/annotated_data/FollicleDetection/SAMFollicleMasks/manual_check/Images/0301099_91.png,/home/Trachoma/annotated_data/FollicleDetection/SAMFollicleMasks/manual_check/Mask/0301099_91.png
/home/Trachoma/annotated_data/FollicleDetection/SAMFollicleMasks/manual_check/Images/0301099_92.png,/home/Trachoma/annotated_data/FollicleDetection/SAMFollicleMasks/manual_check/Mask/0301099_92.png
/home/Trachoma/annotated_data/FollicleDetection/SAMFollicleMasks/manual_check/Images/0301105_110.png,/home/Trachoma/annotated_data/FollicleDetection/SAMFollicleMasks/manual_check/Mask/0301105_110.png
/home/Trachoma/annotated_data/FollicleDetection/SAMFollicleMasks/manual_check/Images/0301107_116.png,/home/Trachoma/annotated_data/FollicleDetection/SAMFollicleMasks/manual_check/Mask/0301107_116.png
/home/Trachoma/annotated_data/FollicleDetection/SAMFollicleMasks/manual_check/Images/0301110_126.png,/home/Trachoma/annotated_data/FollicleDetection/SAMFollicleMasks/manual_check/Mask/0301110_126.png
/home/Trachoma/annotated_data/FollicleDetection/SAMFollicleMasks/manual_check/Images/0302001_135.png,/home/Trachoma/annotated_data/FollicleDetection/SAMFollicleMasks/manual_check/Mask/0302001_135.png
/home/Trachoma/annotated_data/FollicleDetection/SAMFollicleMasks/manual_check/Images/0302006_132.png,/home/Trachoma/annotated_data/FollicleDetection/SAMFollicleMasks/manual_check/Mask/0302006_132.png
/home/Trachoma/annotated_data/FollicleDetection/SAMFollicleMasks/manual_check/Images/0302006_133.png,/home/Trachoma/annotated_data/FollicleDetection/SAMFollicleMasks/manual_check/Mask/0302006_133.png
/home/Trachoma/annotated_data/FollicleDetection/SAMFollicleMasks/manual_check/Images/0302011_1.png,/home/Trachoma/annotated_data/FollicleDetection/SAMFollicleMasks/manual_check/Mask/0302011_1.png
/home/Trachoma/annotated_data/FollicleDetection/SAMFollicleMasks/manual_check/Images/0302013_7.png,/home/Trachoma/annotated_data/FollicleDetection/SAMFollicleMasks/manual_check/Mask/0302013_7.png
/home/Trachoma/annotated_data/FollicleDetection/SAMFollicleMasks/manual_check/Images/0302013_8.png,/home/Trachoma/annotated_data/FollicleDetection/SAMFollicleMasks/manual_check/Mask/0302013_8.png
/home/Trachoma/annotated_data/FollicleDetection/SAMFollicleMasks/manual_check/Images/0302014_10.png,/home/Trachoma/annotated_data/FollicleDetection/SAMFollicleMasks/manual_check/Mask/0302014_10.png
/home/Trachoma/annotated_data/FollicleDetection/SAMFollicleMasks/manual_check/Images/0302014_11.png,/home/Trachoma/annotated_data/FollicleDetection/SAMFollicleMasks/manual_check/Mask/0302014_11.png
/home/Trachoma/annotated_data/FollicleDetection/SAMFollicleMasks/manual_check/Images/0302019_25.png,/home/Trachoma/annotated_data/FollicleDetection/SAMFollicleMasks/manual_check/Mask/0302019_25.png
/home/Trachoma/annotated_data/FollicleDetection/SAMFollicleMasks/manual_check/Images/0302028_53.png,/home/Trachoma/annotated_data/FollicleDetection/SAMFollicleMasks/manual_check/Mask/0302028_53.png
/home/Trachoma/annotated_data/FollicleDetection/SAMFollicleMasks/manual_check/Images/0302032_65.png,/home/Trachoma/annotated_data/FollicleDetection/SAMFollicleMasks/manual_check/Mask/0302032_65.png
/home/Trachoma/annotated_data/FollicleDetection/SAMFollicleMasks/manual_check/Images/0302033_69.png,/home/Trachoma/annotated_data/FollicleDetection/SAMFollicleMasks/manual_check/Mask/0302033_69.png
/home/Trachoma/annotated_data/FollicleDetection/SAMFollicleMasks/manual_check/Images/0302042_95.png,/home/Trachoma/annotated_data/FollicleDetection/SAMFollicleMasks/manual_check/Mask/0302042_95.png
/home/Trachoma/annotated_data/FollicleDetection/SAMFollicleMasks/manual_check/Images/0302043_98.png,/home/Trachoma/annotated_data/FollicleDetection/SAMFollicleMasks/manual_check/Mask/0302043_98.png
/home/Trachoma/annotated_data/FollicleDetection/SAMFollicleMasks/manual_check/Images/0302043_99.png,/home/Trachoma/annotated_data/FollicleDetection/SAMFollicleMasks/manual_check/Mask/0302043_99.png
/home/Trachoma/annotated_data/FollicleDetection/SAMFollicleMasks/manual_check/Images/0302047_110.png,/home/Trachoma/annotated_data/FollicleDetection/SAMFollicleMasks/manual_check/Mask/0302047_110.png
/home/Trachoma/annotated_data/FollicleDetection/SAMFollicleMasks/manual_check/Images/0302047_111.png,/home/Trachoma/annotated_data/FollicleDetection/SAMFollicleMasks/manual_check/Mask/0302047_111.png
/home/Trachoma/annotated_data/FollicleDetection/SAMFollicleMasks/manual_check/Images/0302051_122.png,/home/Trachoma/annotated_data/FollicleDetection/SAMFollicleMasks/manual_check/Mask/0302051_122.png
/home/Trachoma/annotated_data/FollicleDetection/SAMFollicleMasks/manual_check/Images/0302058_144.png,/home/Trachoma/annotated_data/FollicleDetection/SAMFollicleMasks/manual_check/Mask/0302058_144.png
/home/Trachoma/annotated_data/FollicleDetection/SAMFollicleMasks/manual_check/Images/0302063_162.png,/home/Trachoma/annotated_data/FollicleDetection/SAMFollicleMasks/manual_check/Mask/0302063_162.png
/home/Trachoma/annotated_data/FollicleDetection/SAMFollicleMasks/manual_check/Images/0302064_155.png,/home/Trachoma/annotated_data/FollicleDetection/SAMFollicleMasks/manual_check/Mask/0302064_155.png
/home/Trachoma/annotated_data/FollicleDetection/SAMFollicleMasks/manual_check/Images/0302064_156.png,/home/Trachoma/annotated_data/FollicleDetection/SAMFollicleMasks/manual_check/Mask/0302064_156.png
/home/Trachoma/annotated_data/FollicleDetection/SAMFollicleMasks/manual_check/Images/0302067_171.png,/home/Trachoma/annotated_data/FollicleDetection/SAMFollicleMasks/manual_check/Mask/0302067_171.png
/home/Trachoma/annotated_data/FollicleDetection/SAMFollicleMasks/manual_check/Images/0302072_185.png,/home/Trachoma/annotated_data/FollicleDetection/SAMFollicleMasks/manual_check/Mask/0302072_185.png
/home/Trachoma/annotated_data/FollicleDetection/SAMFollicleMasks/manual_check/Images/0302072_186.png,/home/Trachoma/annotated_data/FollicleDetection/SAMFollicleMasks/manual_check/Mask/0302072_186.png
/home/Trachoma/annotated_data/FollicleDetection/SAMFollicleMasks/manual_check/Images/0302083_10.png,/home/Trachoma/annotated_data/FollicleDetection/SAMFollicleMasks/manual_check/Mask/0302083_10.png
/home/Trachoma/annotated_data/FollicleDetection/SAMFollicleMasks/manual_check/Images/0302085_16.png,/home/Trachoma/annotated_data/FollicleDetection/SAMFollicleMasks/manual_check/Mask/0302085_16.png
/home/Trachoma/annotated_data/FollicleDetection/SAMFollicleMasks/manual_check/Images/0303024_11.png,/home/Trachoma/annotated_data/FollicleDetection/SAMFollicleMasks/manual_check/Mask/0303024_11.png
/home/Trachoma/annotated_data/FollicleDetection/SAMFollicleMasks/manual_check/Images/0303028_22.png,/home/Trachoma/annotated_data/FollicleDetection/SAMFollicleMasks/manual_check/Mask/0303028_22.png
/home/Trachoma/annotated_data/FollicleDetection/SAMFollicleMasks/manual_check/Images/0303036_48.png,/home/Trachoma/annotated_data/FollicleDetection/SAMFollicleMasks/manual_check/Mask/0303036_48.png
/home/Trachoma/annotated_data/FollicleDetection/SAMFollicleMasks/manual_check/Images/0303037_51.png,/home/Trachoma/annotated_data/FollicleDetection/SAMFollicleMasks/manual_check/Mask/0303037_51.png
/home/Trachoma/annotated_data/FollicleDetection/SAMFollicleMasks/manual_check/Images/0303037_52.png,/home/Trachoma/annotated_data/FollicleDetection/SAMFollicleMasks/manual_check/Mask/0303037_52.png
/home/Trachoma/annotated_data/FollicleDetection/SAMFollicleMasks/manual_check/Images/0303042_67.png,/home/Trachoma/annotated_data/FollicleDetection/SAMFollicleMasks/manual_check/Mask/0303042_67.png
/home/Trachoma/annotated_data/FollicleDetection/SAMFollicleMasks/manual_check/Images/0303044_73.png,/home/Trachoma/annotated_data/FollicleDetection/SAMFollicleMasks/manual_check/Mask/0303044_73.png
/home/Trachoma/annotated_data/FollicleDetection/SAMFollicleMasks/manual_check/Images/0303044_74.png,/home/Trachoma/annotated_data/FollicleDetection/SAMFollicleMasks/manual_check/Mask/0303044_74.png
/home/Trachoma/annotated_data/FollicleDetection/SAMFollicleMasks/manual_check/Images/0303047_82.png,/home/Trachoma/annotated_data/FollicleDetection/SAMFollicleMasks/manual_check/Mask/0303047_82.png
/home/Trachoma/annotated_data/FollicleDetection/SAMFollicleMasks/manual_check/Images/0303047_83.png,/home/Trachoma/annotated_data/FollicleDetection/SAMFollicleMasks/manual_check/Mask/0303047_83.png
/home/Trachoma/annotated_data/FollicleDetection/SAMFollicleMasks/manual_check/Images/0303049_85.png,/home/Trachoma/annotated_data/FollicleDetection/SAMFollicleMasks/manual_check/Mask/0303049_85.png
/home/Trachoma/annotated_data/FollicleDetection/SAMFollicleMasks/manual_check/Images/0303049_86.png,/home/Trachoma/annotated_data/FollicleDetection/SAMFollicleMasks/manual_check/Mask/0303049_86.png
/home/Trachoma/annotated_data/FollicleDetection/SAMFollicleMasks/manual_check/Images/0303050_92.png,/home/Trachoma/annotated_data/FollicleDetection/SAMFollicleMasks/manual_check/Mask/0303050_92.png
/home/Trachoma/annotated_data/FollicleDetection/SAMFollicleMasks/manual_check/Images/0303052_97.png,/home/Trachoma/annotated_data/FollicleDetection/SAMFollicleMasks/manual_check/Mask/0303052_97.png
/home/Trachoma/annotated_data/FollicleDetection/SAMFollicleMasks/manual_check/Images/0303052_98.png,/home/Trachoma/annotated_data/FollicleDetection/SAMFollicleMasks/manual_check/Mask/0303052_98.png
/home/Trachoma/annotated_data/FollicleDetection/SAMFollicleMasks/manual_check/Images/0303057_112.png,/home/Trachoma/annotated_data/FollicleDetection/SAMFollicleMasks/manual_check/Mask/0303057_112.png
/home/Trachoma/annotated_data/FollicleDetection/SAMFollicleMasks/manual_check/Images/0303058_115.png,/home/Trachoma/annotated_data/FollicleDetection/SAMFollicleMasks/manual_check/Mask/0303058_115.png
/home/Trachoma/annotated_data/FollicleDetection/SAMFollicleMasks/manual_check/Images/0303062_127.png,/home/Trachoma/annotated_data/FollicleDetection/SAMFollicleMasks/manual_check/Mask/0303062_127.png
/home/Trachoma/annotated_data/FollicleDetection/SAMFollicleMasks/manual_check/Images/0303062_128.png,/home/Trachoma/annotated_data/FollicleDetection/SAMFollicleMasks/manual_check/Mask/0303062_128.png
/home/Trachoma/annotated_data/FollicleDetection/SAMFollicleMasks/manual_check/Images/0303065_137.png,/home/Trachoma/annotated_data/FollicleDetection/SAMFollicleMasks/manual_check/Mask/0303065_137.png
/home/Trachoma/annotated_data/FollicleDetection/SAMFollicleMasks/manual_check/Images/0303073_160.png,/home/Trachoma/annotated_data/FollicleDetection/SAMFollicleMasks/manual_check/Mask/0303073_160.png
/home/Trachoma/annotated_data/FollicleDetection/SAMFollicleMasks/manual_check/Images/0303083_191.png,/home/Trachoma/annotated_data/FollicleDetection/SAMFollicleMasks/manual_check/Mask/0303083_191.png
/home/Trachoma/annotated_data/FollicleDetection/SAMFollicleMasks/manual_check/Images/0303083_192.png,/home/Trachoma/annotated_data/FollicleDetection/SAMFollicleMasks/manual_check/Mask/0303083_192.png
/home/Trachoma/annotated_data/FollicleDetection/SAMFollicleMasks/manual_check/Images/0303088_205.png,/home/Trachoma/annotated_data/FollicleDetection/SAMFollicleMasks/manual_check/Mask/0303088_205.png
/home/Trachoma/annotated_data/FollicleDetection/SAMFollicleMasks/manual_check/Images/0303088_206.png,/home/Trachoma/annotated_data/FollicleDetection/SAMFollicleMasks/manual_check/Mask/0303088_206.png
/home/Trachoma/annotated_data/FollicleDetection/SAMFollicleMasks/manual_check/Images/0303089_209.png,/home/Trachoma/annotated_data/FollicleDetection/SAMFollicleMasks/manual_check/Mask/0303089_209.png
/home/Trachoma/annotated_data/FollicleDetection/SAMFollicleMasks/manual_check/Images/0303093_10.png,/home/Trachoma/annotated_data/FollicleDetection/SAMFollicleMasks/manual_check/Mask/0303093_10.png
/home/Trachoma/annotated_data/FollicleDetection/SAMFollicleMasks/manual_check/Images/0303093_11.png,/home/Trachoma/annotated_data/FollicleDetection/SAMFollicleMasks/manual_check/Mask/0303093_11.png
/home/Trachoma/annotated_data/FollicleDetection/SAMFollicleMasks/manual_check/Images/0303109_59.png,/home/Trachoma/annotated_data/FollicleDetection/SAMFollicleMasks/manual_check/Mask/0303109_59.png
/home/Trachoma/annotated_data/FollicleDetection/SAMFollicleMasks/manual_check/Images/0304007_84.png,/home/Trachoma/annotated_data/FollicleDetection/SAMFollicleMasks/manual_check/Mask/0304007_84.png
/home/Trachoma/annotated_data/FollicleDetection/SAMFollicleMasks/manual_check/Images/0304007_85.png,/home/Trachoma/annotated_data/FollicleDetection/SAMFollicleMasks/manual_check/Mask/0304007_85.png
/home/Trachoma/annotated_data/FollicleDetection/SAMFollicleMasks/manual_check/Images/0304011_97.png,/home/Trachoma/annotated_data/FollicleDetection/SAMFollicleMasks/manual_check/Mask/0304011_97.png
/home/Trachoma/annotated_data/FollicleDetection/SAMFollicleMasks/manual_check/Images/0304013_104.png,/home/Trachoma/annotated_data/FollicleDetection/SAMFollicleMasks/manual_check/Mask/0304013_104.png
/home/Trachoma/annotated_data/FollicleDetection/SAMFollicleMasks/manual_check/Images/0304015_110.png,/home/Trachoma/annotated_data/FollicleDetection/SAMFollicleMasks/manual_check/Mask/0304015_110.png
/home/Trachoma/annotated_data/FollicleDetection/SAMFollicleMasks/manual_check/Images/0304017_115.png,/home/Trachoma/annotated_data/FollicleDetection/SAMFollicleMasks/manual_check/Mask/0304017_115.png
/home/Trachoma/annotated_data/FollicleDetection/SAMFollicleMasks/manual_check/Images/0304017_116.png,/home/Trachoma/annotated_data/FollicleDetection/SAMFollicleMasks/manual_check/Mask/0304017_116.png
/home/Trachoma/annotated_data/FollicleDetection/SAMFollicleMasks/manual_check/Images/0304020_125.png,/home/Trachoma/annotated_data/FollicleDetection/SAMFollicleMasks/manual_check/Mask/0304020_125.png
/home/Trachoma/annotated_data/FollicleDetection/SAMFollicleMasks/manual_check/Images/0304022_131.png,/home/Trachoma/annotated_data/FollicleDetection/SAMFollicleMasks/manual_check/Mask/0304022_131.png
/home/Trachoma/annotated_data/FollicleDetection/SAMFollicleMasks/manual_check/Images/0304022_132.png,/home/Trachoma/annotated_data/FollicleDetection/SAMFollicleMasks/manual_check/Mask/0304022_132.png
/home/Trachoma/annotated_data/FollicleDetection/SAMFollicleMasks/manual_check/Images/0304026_144.png,/home/Trachoma/annotated_data/FollicleDetection/SAMFollicleMasks/manual_check/Mask/0304026_144.png
/home/Trachoma/annotated_data/FollicleDetection/SAMFollicleMasks/manual_check/Images/0304027_146.png,/home/Trachoma/annotated_data/FollicleDetection/SAMFollicleMasks/manual_check/Mask/0304027_146.png
/home/Trachoma/annotated_data/FollicleDetection/SAMFollicleMasks/manual_check/Images/0304027_147.png,/home/Trachoma/annotated_data/FollicleDetection/SAMFollicleMasks/manual_check/Mask/0304027_147.png
/home/Trachoma/annotated_data/FollicleDetection/SAMFollicleMasks/manual_check/Images/0304027_148.png,/home/Trachoma/annotated_data/FollicleDetection/SAMFollicleMasks/manual_check/Mask/0304027_148.png
/home/Trachoma/annotated_data/FollicleDetection/SAMFollicleMasks/manual_check/Images/0501001_22.png,/home/Trachoma/annotated_data/FollicleDetection/SAMFollicleMasks/manual_check/Mask/0501001_22.png
/home/Trachoma/annotated_data/FollicleDetection/SAMFollicleMasks/manual_check/Images/0501001_23.png,/home/Trachoma/annotated_data/FollicleDetection/SAMFollicleMasks/manual_check/Mask/0501001_23.png
/home/Trachoma/annotated_data/FollicleDetection/SAMFollicleMasks/manual_check/Images/0501002_26.png,/home/Trachoma/annotated_data/FollicleDetection/SAMFollicleMasks/manual_check/Mask/0501002_26.png
/home/Trachoma/annotated_data/FollicleDetection/SAMFollicleMasks/manual_check/Images/0501003_31.png,/home/Trachoma/annotated_data/FollicleDetection/SAMFollicleMasks/manual_check/Mask/0501003_31.png
/home/Trachoma/annotated_data/FollicleDetection/SAMFollicleMasks/manual_check/Images/0501003_32.png,/home/Trachoma/annotated_data/FollicleDetection/SAMFollicleMasks/manual_check/Mask/0501003_32.png
/home/Trachoma/annotated_data/FollicleDetection/SAMFollicleMasks/manual_check/Images/0501008_45.png,/home/Trachoma/annotated_data/FollicleDetection/SAMFollicleMasks/manual_check/Mask/0501008_45.png
/home/Trachoma/annotated_data/FollicleDetection/SAMFollicleMasks/manual_check/Images/0501008_46.png,/home/Trachoma/annotated_data/FollicleDetection/SAMFollicleMasks/manual_check/Mask/0501008_46.png
/home/Trachoma/annotated_data/FollicleDetection/SAMFollicleMasks/manual_check/Images/0501010_52.png,/home/Trachoma/annotated_data/FollicleDetection/SAMFollicleMasks/manual_check/Mask/0501010_52.png
/home/Trachoma/annotated_data/FollicleDetection/SAMFollicleMasks/manual_check/Images/0501013_59.png,/home/Trachoma/annotated_data/FollicleDetection/SAMFollicleMasks/manual_check/Mask/0501013_59.png
/home/Trachoma/annotated_data/FollicleDetection/SAMFollicleMasks/manual_check/Images/0501016_69.png,/home/Trachoma/annotated_data/FollicleDetection/SAMFollicleMasks/manual_check/Mask/0501016_69.png
/home/Trachoma/annotated_data/FollicleDetection/SAMFollicleMasks/manual_check/Images/0501020_82.png,/home/Trachoma/annotated_data/FollicleDetection/SAMFollicleMasks/manual_check/Mask/0501020_82.png
/home/Trachoma/annotated_data/FollicleDetection/SAMFollicleMasks/manual_check/Images/0501025_97.png,/home/Trachoma/annotated_data/FollicleDetection/SAMFollicleMasks/manual_check/Mask/0501025_97.png
/home/Trachoma/annotated_data/FollicleDetection/SAMFollicleMasks/manual_check/Images/0501028_106.png,/home/Trachoma/annotated_data/FollicleDetection/SAMFollicleMasks/manual_check/Mask/0501028_106.png
/home/Trachoma/annotated_data/FollicleDetection/SAMFollicleMasks/manual_check/Images/0501028_107.png,/home/Trachoma/annotated_data/FollicleDetection/SAMFollicleMasks/manual_check/Mask/0501028_107.png
/home/Trachoma/annotated_data/FollicleDetection/SAMFollicleMasks/manual_check/Images/0501029_109.png,/home/Trachoma/annotated_data/FollicleDetection/SAMFollicleMasks/manual_check/Mask/0501029_109.png
/home/Trachoma/annotated_data/FollicleDetection/SAMFollicleMasks/manual_check/Images/0501032_118.png,/home/Trachoma/annotated_data/FollicleDetection/SAMFollicleMasks/manual_check/Mask/0501032_118.png
/home/Trachoma/annotated_data/FollicleDetection/SAMFollicleMasks/manual_check/Images/0501033_121.png,/home/Trachoma/annotated_data/FollicleDetection/SAMFollicleMasks/manual_check/Mask/0501033_121.png
/home/Trachoma/annotated_data/FollicleDetection/SAMFollicleMasks/manual_check/Images/0501033_122.png,/home/Trachoma/annotated_data/FollicleDetection/SAMFollicleMasks/manual_check/Mask/0501033_122.png
/home/Trachoma/annotated_data/FollicleDetection/SAMFollicleMasks/manual_check/Images/0501035_129.png,/home/Trachoma/annotated_data/FollicleDetection/SAMFollicleMasks/manual_check/Mask/0501035_129.png
/home/Trachoma/annotated_data/FollicleDetection/SAMFollicleMasks/manual_check/Images/0501035_130.png,/home/Trachoma/annotated_data/FollicleDetection/SAMFollicleMasks/manual_check/Mask/0501035_130.png
/home/Trachoma/annotated_data/FollicleDetection/SAMFollicleMasks/manual_check/Images/0501036_133.png,/home/Trachoma/annotated_data/FollicleDetection/SAMFollicleMasks/manual_check/Mask/0501036_133.png
/home/Trachoma/annotated_data/FollicleDetection/SAMFollicleMasks/manual_check/Images/0501046_165.png,/home/Trachoma/annotated_data/FollicleDetection/SAMFollicleMasks/manual_check/Mask/0501046_165.png
/home/Trachoma/annotated_data/FollicleDetection/SAMFollicleMasks/manual_check/Images/0501048_170.png,/home/Trachoma/annotated_data/FollicleDetection/SAMFollicleMasks/manual_check/Mask/0501048_170.png
/home/Trachoma/annotated_data/FollicleDetection/SAMFollicleMasks/manual_check/Images/0501051_179.png,/home/Trachoma/annotated_data/FollicleDetection/SAMFollicleMasks/manual_check/Mask/0501051_179.png
/home/Trachoma/annotated_data/FollicleDetection/SAMFollicleMasks/manual_check/Images/0501053_187.png,/home/Trachoma/annotated_data/FollicleDetection/SAMFollicleMasks/manual_check/Mask/0501053_187.png
/home/Trachoma/annotated_data/FollicleDetection/SAMFollicleMasks/manual_check/Images/0501054_189.png,/home/Trachoma/annotated_data/FollicleDetection/SAMFollicleMasks/manual_check/Mask/0501054_189.png
/home/Trachoma/annotated_data/FollicleDetection/SAMFollicleMasks/manual_check/Images/0501054_190.png,/home/Trachoma/annotated_data/FollicleDetection/SAMFollicleMasks/manual_check/Mask/0501054_190.png
/home/Trachoma/annotated_data/FollicleDetection/SAMFollicleMasks/manual_check/Images/0501056_197.png,/home/Trachoma/annotated_data/FollicleDetection/SAMFollicleMasks/manual_check/Mask/0501056_197.png
/home/Trachoma/annotated_data/FollicleDetection/SAMFollicleMasks/manual_check/Images/0501060_209.png,/home/Trachoma/annotated_data/FollicleDetection/SAMFollicleMasks/manual_check/Mask/0501060_209.png
/home/Trachoma/annotated_data/FollicleDetection/SAMFollicleMasks/manual_check/Images/0301108_120.png,/home/Trachoma/annotated_data/FollicleDetection/SAMFollicleMasks/manual_check/Mask/0301108_120.png
/home/Trachoma/annotated_data/FollicleDetection/SAMFollicleMasks/manual_check/Images/0303023_7.png,/home/Trachoma/annotated_data/FollicleDetection/SAMFollicleMasks/manual_check/Mask/0303023_7.png
/home/Trachoma/annotated_data/FollicleDetection/SAMFollicleMasks/manual_check/Images/0303050_91.png,/home/Trachoma/annotated_data/FollicleDetection/SAMFollicleMasks/manual_check/Mask/0303050_91.png
/home/Trachoma/annotated_data/FollicleDetection/SAMFollicleMasks/manual_check/Images/0303053_100.png,/home/Trachoma/annotated_data/FollicleDetection/SAMFollicleMasks/manual_check/Mask/0303053_100.png
/home/Trachoma/annotated_data/FollicleDetection/SAMFollicleMasks/manual_check/Images/0303110_63.png,/home/Trachoma/annotated_data/FollicleDetection/SAMFollicleMasks/manual_check/Mask/0303110_63.png
/home/Trachoma/annotated_data/FollicleDetection/SAMFollicleMasks/manual_check/Images/0304003_72.png,/home/Trachoma/annotated_data/FollicleDetection/SAMFollicleMasks/manual_check/Mask/0304003_72.png
/home/Trachoma/annotated_data/FollicleDetection/SAMFollicleMasks/manual_check/Images/0304003_73.png,/home/Trachoma/annotated_data/FollicleDetection/SAMFollicleMasks/manual_check/Mask/0304003_73.png
/home/Trachoma/annotated_data/FollicleDetection/SAMFollicleMasks/manual_check/Images/0501006_40.png,/home/Trachoma/annotated_data/FollicleDetection/SAMFollicleMasks/manual_check/Mask/0501006_40.png
/home/Trachoma/annotated_data/FollicleDetection/SAMFollicleMasks/manual_check/Images/0501043_155.png,/home/Trachoma/annotated_data/FollicleDetection/SAMFollicleMasks/manual_check/Mask/0501043_155.png
/home/Trachoma/annotated_data/FollicleDetection/SAMFollicleMasks/manual_check/Images/0501043_156.png,/home/Trachoma/annotated_data/FollicleDetection/SAMFollicleMasks/manual_check/Mask/0501043_156.png
/home/Trachoma/annotated_data/FollicleDetection/SAMFollicleMasks/manual_check/Images/0501082_77.png,/home/Trachoma/annotated_data/FollicleDetection/SAMFollicleMasks/manual_check/Mask/0501082_77.png
/home/Trachoma/annotated_data/FollicleDetection/SAMFollicleMasks/manual_check/Images/0502006_17.png,/home/Trachoma/annotated_data/FollicleDetection/SAMFollicleMasks/manual_check/Mask/0502006_17.png
/home/Trachoma/annotated_data/FollicleDetection/SAMFollicleMasks/manual_check/Images/0502006_18.png,/home/Trachoma/annotated_data/FollicleDetection/SAMFollicleMasks/manual_check/Mask/0502006_18.png
/home/Trachoma/annotated_data/FollicleDetection/SAMFollicleMasks/manual_check/Images/0503022_108.png,/home/Trachoma/annotated_data/FollicleDetection/SAMFollicleMasks/manual_check/Mask/0503022_108.png
/home/Trachoma/annotated_data/FollicleDetection/SAMFollicleMasks/manual_check/Images/0503022_109.png,/home/Trachoma/annotated_data/FollicleDetection/SAMFollicleMasks/manual_check/Mask/0503022_109.png
/home/Trachoma/annotated_data/FollicleDetection/SAMFollicleMasks/manual_check/Images/0107012_313.png,/home/Trachoma/annotated_data/FollicleDetection/SAMFollicleMasks/manual_check/Mask/0107012_313.png
/home/Trachoma/annotated_data/FollicleDetection/SAMFollicleMasks/manual_check/Images/0107012_314.png,/home/Trachoma/annotated_data/FollicleDetection/SAMFollicleMasks/manual_check/Mask/0107012_314.png
/home/Trachoma/annotated_data/FollicleDetection/SAMFollicleMasks/manual_check/Images/0107043_389.png,/home/Trachoma/annotated_data/FollicleDetection/SAMFollicleMasks/manual_check/Mask/0107043_389.png
/home/Trachoma/annotated_data/FollicleDetection/SAMFollicleMasks/manual_check/Images/0107084_490.png,/home/Trachoma/annotated_data/FollicleDetection/SAMFollicleMasks/manual_check/Mask/0107084_490.png
/home/Trachoma/annotated_data/FollicleDetection/SAMFollicleMasks/manual_check/Images/0108029_180.png,/home/Trachoma/annotated_data/FollicleDetection/SAMFollicleMasks/manual_check/Mask/0108029_180.png
/home/Trachoma/annotated_data/FollicleDetection/SAMFollicleMasks/manual_check/Images/0108083_317.png,/home/Trachoma/annotated_data/FollicleDetection/SAMFollicleMasks/manual_check/Mask/0108083_317.png
/home/Trachoma/annotated_data/FollicleDetection/SAMFollicleMasks/manual_check/Images/0108083_318.png,/home/Trachoma/annotated_data/FollicleDetection/SAMFollicleMasks/manual_check/Mask/0108083_318.png
/home/Trachoma/annotated_data/FollicleDetection/SAMFollicleMasks/manual_check/Images/0108083_319.png,/home/Trachoma/annotated_data/FollicleDetection/SAMFollicleMasks/manual_check/Mask/0108083_319.png
/home/Trachoma/annotated_data/FollicleDetection/SAMFollicleMasks/manual_check/Images/0109003_420.png,/home/Trachoma/annotated_data/FollicleDetection/SAMFollicleMasks/manual_check/Mask/0109003_420.png
/home/Trachoma/annotated_data/FollicleDetection/SAMFollicleMasks/manual_check/Images/0109035_493.png,/home/Trachoma/annotated_data/FollicleDetection/SAMFollicleMasks/manual_check/Mask/0109035_493.png
/home/Trachoma/annotated_data/FollicleDetection/SAMFollicleMasks/manual_check/Images/0109035_494.png,/home/Trachoma/annotated_data/FollicleDetection/SAMFollicleMasks/manual_check/Mask/0109035_494.png
/home/Trachoma/annotated_data/FollicleDetection/SAMFollicleMasks/manual_check/Images/0109053_536.png,/home/Trachoma/annotated_data/FollicleDetection/SAMFollicleMasks/manual_check/Mask/0109053_536.png
/home/Trachoma/annotated_data/FollicleDetection/SAMFollicleMasks/manual_check/Images/0109053_537.png,/home/Trachoma/annotated_data/FollicleDetection/SAMFollicleMasks/manual_check/Mask/0109053_537.png
/home/Trachoma/annotated_data/FollicleDetection/SAMFollicleMasks/manual_check/Images/0109058_548.png,/home/Trachoma/annotated_data/FollicleDetection/SAMFollicleMasks/manual_check/Mask/0109058_548.png
/home/Trachoma/annotated_data/FollicleDetection/SAMFollicleMasks/manual_check/Images/0109073_585.png,/home/Trachoma/annotated_data/FollicleDetection/SAMFollicleMasks/manual_check/Mask/0109073_585.png
/home/Trachoma/annotated_data/FollicleDetection/SAMFollicleMasks/manual_check/Images/0109076_592.png,/home/Trachoma/annotated_data/FollicleDetection/SAMFollicleMasks/manual_check/Mask/0109076_592.png
/home/Trachoma/annotated_data/FollicleDetection/SAMFollicleMasks/manual_check/Images/0109076_593.png,/home/Trachoma/annotated_data/FollicleDetection/SAMFollicleMasks/manual_check/Mask/0109076_593.png
/home/Trachoma/annotated_data/FollicleDetection/SAMFollicleMasks/manual_check/Images/0109083_613.png,/home/Trachoma/annotated_data/FollicleDetection/SAMFollicleMasks/manual_check/Mask/0109083_613.png
/home/Trachoma/annotated_data/FollicleDetection/SAMFollicleMasks/manual_check/Images/0109083_614.png,/home/Trachoma/annotated_data/FollicleDetection/SAMFollicleMasks/manual_check/Mask/0109083_614.png
/home/Trachoma/annotated_data/FollicleDetection/SAMFollicleMasks/manual_check/Images/0109088_630.png,/home/Trachoma/annotated_data/FollicleDetection/SAMFollicleMasks/manual_check/Mask/0109088_630.png
/home/Trachoma/annotated_data/FollicleDetection/SAMFollicleMasks/manual_check/Images/0109101_669.png,/home/Trachoma/annotated_data/FollicleDetection/SAMFollicleMasks/manual_check/Mask/0109101_669.png
/home/Trachoma/annotated_data/FollicleDetection/SAMFollicleMasks/manual_check/Images/0113007_17.png,/home/Trachoma/annotated_data/FollicleDetection/SAMFollicleMasks/manual_check/Mask/0113007_17.png
/home/Trachoma/annotated_data/FollicleDetection/SAMFollicleMasks/manual_check/Images/0113007_18.png,/home/Trachoma/annotated_data/FollicleDetection/SAMFollicleMasks/manual_check/Mask/0113007_18.png
/home/Trachoma/annotated_data/FollicleDetection/SAMFollicleMasks/manual_check/Images/0115057_206.png,/home/Trachoma/annotated_data/FollicleDetection/SAMFollicleMasks/manual_check/Mask/0115057_206.png
/home/Trachoma/annotated_data/FollicleDetection/SAMFollicleMasks/manual_check/Images/0115057_207.png,/home/Trachoma/annotated_data/FollicleDetection/SAMFollicleMasks/manual_check/Mask/0115057_207.png
/home/Trachoma/annotated_data/FollicleDetection/SAMFollicleMasks/manual_check/Images/0115096_628.png,/home/Trachoma/annotated_data/FollicleDetection/SAMFollicleMasks/manual_check/Mask/0115096_628.png
/home/Trachoma/annotated_data/FollicleDetection/SAMFollicleMasks/manual_check/Images/0116044_770.png,/home/Trachoma/annotated_data/FollicleDetection/SAMFollicleMasks/manual_check/Mask/0116044_770.png
/home/Trachoma/annotated_data/FollicleDetection/SAMFollicleMasks/manual_check/Images/0116091_404.png,/home/Trachoma/annotated_data/FollicleDetection/SAMFollicleMasks/manual_check/Mask/0116091_404.png
/home/Trachoma/annotated_data/FollicleDetection/SAMFollicleMasks/manual_check/Images/0116095_703.png,/home/Trachoma/annotated_data/FollicleDetection/SAMFollicleMasks/manual_check/Mask/0116095_703.png
/home/Trachoma/annotated_data/FollicleDetection/SAMFollicleMasks/manual_check/Images/0116095_704.png,/home/Trachoma/annotated_data/FollicleDetection/SAMFollicleMasks/manual_check/Mask/0116095_704.png
/home/Trachoma/annotated_data/FollicleDetection/SAMFollicleMasks/manual_check/Images/0116095_705.png,/home/Trachoma/annotated_data/FollicleDetection/SAMFollicleMasks/manual_check/Mask/0116095_705.png
/home/Trachoma/annotated_data/FollicleDetection/SAMFollicleMasks/manual_check/Images/0117010_24.png,/home/Trachoma/annotated_data/FollicleDetection/SAMFollicleMasks/manual_check/Mask/0117010_24.png
/home/Trachoma/annotated_data/FollicleDetection/SAMFollicleMasks/manual_check/Images/0117088_227.png,/home/Trachoma/annotated_data/FollicleDetection/SAMFollicleMasks/manual_check/Mask/0117088_227.png
/home/Trachoma/annotated_data/FollicleDetection/SAMFollicleMasks/manual_check/Images/0117088_228.png,/home/Trachoma/annotated_data/FollicleDetection/SAMFollicleMasks/manual_check/Mask/0117088_228.png
/home/Trachoma/annotated_data/FollicleDetection/SAMFollicleMasks/manual_check/Images/0118035_671.png,/home/Trachoma/annotated_data/FollicleDetection/SAMFollicleMasks/manual_check/Mask/0118035_671.png
/home/Trachoma/annotated_data/FollicleDetection/SAMFollicleMasks/manual_check/Images/0118035_672.png,/home/Trachoma/annotated_data/FollicleDetection/SAMFollicleMasks/manual_check/Mask/0118035_672.png
/home/Trachoma/annotated_data/FollicleDetection/SAMFollicleMasks/manual_check/Images/0118113_86.png,/home/Trachoma/annotated_data/FollicleDetection/SAMFollicleMasks/manual_check/Mask/0118113_86.png
/home/Trachoma/annotated_data/FollicleDetection/SAMFollicleMasks/manual_check/Images/0119046_462.png,/home/Trachoma/annotated_data/FollicleDetection/SAMFollicleMasks/manual_check/Mask/0119046_462.png
/home/Trachoma/annotated_data/FollicleDetection/SAMFollicleMasks/manual_check/Images/0119093_580.png,/home/Trachoma/annotated_data/FollicleDetection/SAMFollicleMasks/manual_check/Mask/0119093_580.png
/home/Trachoma/annotated_data/FollicleDetection/SAMFollicleMasks/manual_check/Images/0119093_581.png,/home/Trachoma/annotated_data/FollicleDetection/SAMFollicleMasks/manual_check/Mask/0119093_581.png
/home/Trachoma/annotated_data/FollicleDetection/SAMFollicleMasks/manual_check/Images/0119097_592.png,/home/Trachoma/annotated_data/FollicleDetection/SAMFollicleMasks/manual_check/Mask/0119097_592.png
/home/Trachoma/annotated_data/FollicleDetection/SAMFollicleMasks/manual_check/Images/0119097_593.png,/home/Trachoma/annotated_data/FollicleDetection/SAMFollicleMasks/manual_check/Mask/0119097_593.png
/home/Trachoma/annotated_data/FollicleDetection/SAMFollicleMasks/manual_check/Images/014.png,/home/Trachoma/annotated_data/FollicleDetection/SAMFollicleMasks/manual_check/Mask/014.png
/home/Trachoma/annotated_data/FollicleDetection/SAMFollicleMasks/manual_check/Images/0201032_75.png,/home/Trachoma/annotated_data/FollicleDetection/SAMFollicleMasks/manual_check/Mask/0201032_75.png
/home/Trachoma/annotated_data/FollicleDetection/SAMFollicleMasks/manual_check/Images/0201032_76.png,/home/Trachoma/annotated_data/FollicleDetection/SAMFollicleMasks/manual_check/Mask/0201032_76.png
/home/Trachoma/annotated_data/FollicleDetection/SAMFollicleMasks/manual_check/Images/0202079_545.png,/home/Trachoma/annotated_data/FollicleDetection/SAMFollicleMasks/manual_check/Mask/0202079_545.png
/home/Trachoma/annotated_data/FollicleDetection/SAMFollicleMasks/manual_check/Images/0203083_1027.png,/home/Trachoma/annotated_data/FollicleDetection/SAMFollicleMasks/manual_check/Mask/0203083_1027.png
/home/Trachoma/annotated_data/FollicleDetection/SAMFollicleMasks/manual_check/Images/0203087_1.png,/home/Trachoma/annotated_data/FollicleDetection/SAMFollicleMasks/manual_check/Mask/0203087_1.png
/home/Trachoma/annotated_data/FollicleDetection/SAMFollicleMasks/manual_check/Images/0203087_2.png,/home/Trachoma/annotated_data/FollicleDetection/SAMFollicleMasks/manual_check/Mask/0203087_2.png
/home/Trachoma/annotated_data/FollicleDetection/SAMFollicleMasks/manual_check/Images/0203098_35.png,/home/Trachoma/annotated_data/FollicleDetection/SAMFollicleMasks/manual_check/Mask/0203098_35.png
/home/Trachoma/annotated_data/FollicleDetection/SAMFollicleMasks/manual_check/Images/0203098_36.png,/home/Trachoma/annotated_data/FollicleDetection/SAMFollicleMasks/manual_check/Mask/0203098_36.png
/home/Trachoma/annotated_data/FollicleDetection/SAMFollicleMasks/manual_check/Images/0203098_37.png,/home/Trachoma/annotated_data/FollicleDetection/SAMFollicleMasks/manual_check/Mask/0203098_37.png
/home/Trachoma/annotated_data/FollicleDetection/SAMFollicleMasks/manual_check/Images/0205010_555.png,/home/Trachoma/annotated_data/FollicleDetection/SAMFollicleMasks/manual_check/Mask/0205010_555.png
/home/Trachoma/annotated_data/FollicleDetection/SAMFollicleMasks/manual_check/Images/0205090_755.png,/home/Trachoma/annotated_data/FollicleDetection/SAMFollicleMasks/manual_check/Mask/0205090_755.png
/home/Trachoma/annotated_data/FollicleDetection/SAMFollicleMasks/manual_check/Images/0205090_756.png,/home/Trachoma/annotated_data/FollicleDetection/SAMFollicleMasks/manual_check/Mask/0205090_756.png
/home/Trachoma/annotated_data/FollicleDetection/SAMFollicleMasks/manual_check/Images/0219103_547.png,/home/Trachoma/annotated_data/FollicleDetection/SAMFollicleMasks/manual_check/Mask/0219103_547.png
/home/Trachoma/annotated_data/FollicleDetection/SAMFollicleMasks/manual_check/Images/0219103_548.png,/home/Trachoma/annotated_data/FollicleDetection/SAMFollicleMasks/manual_check/Mask/0219103_548.png
/home/Trachoma/annotated_data/FollicleDetection/SAMFollicleMasks/manual_check/Images/0222033_385.png,/home/Trachoma/annotated_data/FollicleDetection/SAMFollicleMasks/manual_check/Mask/0222033_385.png
/home/Trachoma/annotated_data/FollicleDetection/SAMFollicleMasks/manual_check/Images/0305086_551.png,/home/Trachoma/annotated_data/FollicleDetection/SAMFollicleMasks/manual_check/Mask/0305086_551.png
/home/Trachoma/annotated_data/FollicleDetection/SAMFollicleMasks/manual_check/Images/0305091_563.png,/home/Trachoma/annotated_data/FollicleDetection/SAMFollicleMasks/manual_check/Mask/0305091_563.png
/home/Trachoma/annotated_data/FollicleDetection/SAMFollicleMasks/manual_check/Images/0305095_576.png,/home/Trachoma/annotated_data/FollicleDetection/SAMFollicleMasks/manual_check/Mask/0305095_576.png
/home/Trachoma/annotated_data/FollicleDetection/SAMFollicleMasks/manual_check/Images/0306094_836.png,/home/Trachoma/annotated_data/FollicleDetection/SAMFollicleMasks/manual_check/Mask/0306094_836.png
/home/Trachoma/annotated_data/FollicleDetection/SAMFollicleMasks/manual_check/Images/0306094_837.png,/home/Trachoma/annotated_data/FollicleDetection/SAMFollicleMasks/manual_check/Mask/0306094_837.png
/home/Trachoma/annotated_data/FollicleDetection/SAMFollicleMasks/manual_check/Images/0306096_842.png,/home/Trachoma/annotated_data/FollicleDetection/SAMFollicleMasks/manual_check/Mask/0306096_842.png
/home/Trachoma/annotated_data/FollicleDetection/SAMFollicleMasks/manual_check/Images/0313052_409.png,/home/Trachoma/annotated_data/FollicleDetection/SAMFollicleMasks/manual_check/Mask/0313052_409.png
/home/Trachoma/annotated_data/FollicleDetection/SAMFollicleMasks/manual_check/Images/0313054_414.png,/home/Trachoma/annotated_data/FollicleDetection/SAMFollicleMasks/manual_check/Mask/0313054_414.png
/home/Trachoma/annotated_data/FollicleDetection/SAMFollicleMasks/manual_check/Images/0313054_415.png,/home/Trachoma/annotated_data/FollicleDetection/SAMFollicleMasks/manual_check/Mask/0313054_415.png
/home/Trachoma/annotated_data/FollicleDetection/SAMFollicleMasks/manual_check/Images/0313100_521.png,/home/Trachoma/annotated_data/FollicleDetection/SAMFollicleMasks/manual_check/Mask/0313100_521.png
/home/Trachoma/annotated_data/FollicleDetection/SAMFollicleMasks/manual_check/Images/0313100_522.png,/home/Trachoma/annotated_data/FollicleDetection/SAMFollicleMasks/manual_check/Mask/0313100_522.png
/home/Trachoma/annotated_data/FollicleDetection/SAMFollicleMasks/manual_check/Images/0313103_530.png,/home/Trachoma/annotated_data/FollicleDetection/SAMFollicleMasks/manual_check/Mask/0313103_530.png
/home/Trachoma/annotated_data/FollicleDetection/SAMFollicleMasks/manual_check/Images/0313103_531.png,/home/Trachoma/annotated_data/FollicleDetection/SAMFollicleMasks/manual_check/Mask/0313103_531.png
/home/Trachoma/annotated_data/FollicleDetection/SAMFollicleMasks/manual_check/Images/0314042_686.png,/home/Trachoma/annotated_data/FollicleDetection/SAMFollicleMasks/manual_check/Mask/0314042_686.png
/home/Trachoma/annotated_data/FollicleDetection/SAMFollicleMasks/manual_check/Images/0314042_687.png,/home/Trachoma/annotated_data/FollicleDetection/SAMFollicleMasks/manual_check/Mask/0314042_687.png
/home/Trachoma/annotated_data/FollicleDetection/SAMFollicleMasks/manual_check/Images/0314049_703.png,/home/Trachoma/annotated_data/FollicleDetection/SAMFollicleMasks/manual_check/Mask/0314049_703.png
/home/Trachoma/annotated_data/FollicleDetection/SAMFollicleMasks/manual_check/Images/0315005_11.png,/home/Trachoma/annotated_data/FollicleDetection/SAMFollicleMasks/manual_check/Mask/0315005_11.png
/home/Trachoma/annotated_data/FollicleDetection/SAMFollicleMasks/manual_check/Images/0315005_12.png,/home/Trachoma/annotated_data/FollicleDetection/SAMFollicleMasks/manual_check/Mask/0315005_12.png
/home/Trachoma/annotated_data/FollicleDetection/SAMFollicleMasks/manual_check/Images/0315019_46.png,/home/Trachoma/annotated_data/FollicleDetection/SAMFollicleMasks/manual_check/Mask/0315019_46.png
/home/Trachoma/annotated_data/FollicleDetection/SAMFollicleMasks/manual_check/Images/0315040_93.png,/home/Trachoma/annotated_data/FollicleDetection/SAMFollicleMasks/manual_check/Mask/0315040_93.png
/home/Trachoma/annotated_data/FollicleDetection/SAMFollicleMasks/manual_check/Images/0315062_140.png,/home/Trachoma/annotated_data/FollicleDetection/SAMFollicleMasks/manual_check/Mask/0315062_140.png
/home/Trachoma/annotated_data/FollicleDetection/SAMFollicleMasks/manual_check/Images/0316015_117.png,/home/Trachoma/annotated_data/FollicleDetection/SAMFollicleMasks/manual_check/Mask/0316015_117.png
/home/Trachoma/annotated_data/FollicleDetection/SAMFollicleMasks/manual_check/Images/0316059_222.png,/home/Trachoma/annotated_data/FollicleDetection/SAMFollicleMasks/manual_check/Mask/0316059_222.png
/home/Trachoma/annotated_data/FollicleDetection/SAMFollicleMasks/manual_check/Images/0316071_253.png,/home/Trachoma/annotated_data/FollicleDetection/SAMFollicleMasks/manual_check/Mask/0316071_253.png
/home/Trachoma/annotated_data/FollicleDetection/SAMFollicleMasks/manual_check/Images/0316089_300.png,/home/Trachoma/annotated_data/FollicleDetection/SAMFollicleMasks/manual_check/Mask/0316089_300.png
/home/Trachoma/annotated_data/FollicleDetection/SAMFollicleMasks/manual_check/Images/0403064_507.png,/home/Trachoma/annotated_data/FollicleDetection/SAMFollicleMasks/manual_check/Mask/0403064_507.png
/home/Trachoma/annotated_data/FollicleDetection/SAMFollicleMasks/manual_check/Images/0403080_550.png,/home/Trachoma/annotated_data/FollicleDetection/SAMFollicleMasks/manual_check/Mask/0403080_550.png
/home/Trachoma/annotated_data/FollicleDetection/SAMFollicleMasks/manual_check/Images/0404103_148.png,/home/Trachoma/annotated_data/FollicleDetection/SAMFollicleMasks/manual_check/Mask/0404103_148.png
/home/Trachoma/annotated_data/FollicleDetection/SAMFollicleMasks/manual_check/Images/0405070_360.png,/home/Trachoma/annotated_data/FollicleDetection/SAMFollicleMasks/manual_check/Mask/0405070_360.png
/home/Trachoma/annotated_data/FollicleDetection/SAMFollicleMasks/manual_check/Images/0405070_361.png,/home/Trachoma/annotated_data/FollicleDetection/SAMFollicleMasks/manual_check/Mask/0405070_361.png
/home/Trachoma/annotated_data/FollicleDetection/SAMFollicleMasks/manual_check/Images/0503055_207.png,/home/Trachoma/annotated_data/FollicleDetection/SAMFollicleMasks/manual_check/Mask/0503055_207.png
/home/Trachoma/annotated_data/FollicleDetection/SAMFollicleMasks/manual_check/Images/0504103_120.png,/home/Trachoma/annotated_data/FollicleDetection/SAMFollicleMasks/manual_check/Mask/0504103_120.png
/home/Trachoma/annotated_data/FollicleDetection/SAMFollicleMasks/manual_check/Images/0505082_207.png,/home/Trachoma/annotated_data/FollicleDetection/SAMFollicleMasks/manual_check/Mask/0505082_207.png
/home/Trachoma/annotated_data/FollicleDetection/SAMFollicleMasks/manual_check/Images/0506007_114.png,/home/Trachoma/annotated_data/FollicleDetection/SAMFollicleMasks/manual_check/Mask/0506007_114.png
/home/Trachoma/annotated_data/FollicleDetection/SAMFollicleMasks/manual_check/Images/0513041_87.png,/home/Trachoma/annotated_data/FollicleDetection/SAMFollicleMasks/manual_check/Mask/0513041_87.png
/home/Trachoma/annotated_data/FollicleDetection/SAMFollicleMasks/manual_check/Images/0513077_193.png,/home/Trachoma/annotated_data/FollicleDetection/SAMFollicleMasks/manual_check/Mask/0513077_193.png
/home/Trachoma/annotated_data/FollicleDetection/SAMFollicleMasks/manual_check/Images/0514061_77.png,/home/Trachoma/annotated_data/FollicleDetection/SAMFollicleMasks/manual_check/Mask/0514061_77.png
/home/Trachoma/annotated_data/FollicleDetection/SAMFollicleMasks/manual_check/Images/0515037_17.png,/home/Trachoma/annotated_data/FollicleDetection/SAMFollicleMasks/manual_check/Mask/0515037_17.png
/home/Trachoma/annotated_data/FollicleDetection/SAMFollicleMasks/manual_check/Images/0515037_18.png,/home/Trachoma/annotated_data/FollicleDetection/SAMFollicleMasks/manual_check/Mask/0515037_18.png
/home/Trachoma/annotated_data/FollicleDetection/SAMFollicleMasks/manual_check/Images/0602060_203.png,/home/Trachoma/annotated_data/FollicleDetection/SAMFollicleMasks/manual_check/Mask/0602060_203.png
/home/Trachoma/annotated_data/FollicleDetection/SAMFollicleMasks/manual_check/Images/0603013_634.png,/home/Trachoma/annotated_data/FollicleDetection/SAMFollicleMasks/manual_check/Mask/0603013_634.png
/home/Trachoma/annotated_data/FollicleDetection/SAMFollicleMasks/manual_check/Images/0603043_706.png,/home/Trachoma/annotated_data/FollicleDetection/SAMFollicleMasks/manual_check/Mask/0603043_706.png
/home/Trachoma/annotated_data/FollicleDetection/SAMFollicleMasks/manual_check/Images/0603043_707.png,/home/Trachoma/annotated_data/FollicleDetection/SAMFollicleMasks/manual_check/Mask/0603043_707.png
/home/Trachoma/annotated_data/FollicleDetection/SAMFollicleMasks/manual_check/Images/060333000474_111319_114642_R.png,/home/Trachoma/annotated_data/FollicleDetection/SAMFollicleMasks/manual_check/Mask/060333000474_111319_114642_R.png
/home/Trachoma/annotated_data/FollicleDetection/SAMFollicleMasks/manual_check/Images/060333000474_111319_114711_L.png,/home/Trachoma/annotated_data/FollicleDetection/SAMFollicleMasks/manual_check/Mask/060333000474_111319_114711_L.png
/home/Trachoma/annotated_data/FollicleDetection/SAMFollicleMasks/manual_check/Images/060333001068_111419_111141_R.png,/home/Trachoma/annotated_data/FollicleDetection/SAMFollicleMasks/manual_check/Mask/060333001068_111419_111141_R.png
/home/Trachoma/annotated_data/FollicleDetection/SAMFollicleMasks/manual_check/Images/060333001068_111419_111235_L.png,/home/Trachoma/annotated_data/FollicleDetection/SAMFollicleMasks/manual_check/Mask/060333001068_111419_111235_L.png
/home/Trachoma/annotated_data/FollicleDetection/SAMFollicleMasks/manual_check/Images/060333001082_111419_112009_L.png,/home/Trachoma/annotated_data/FollicleDetection/SAMFollicleMasks/manual_check/Mask/060333001082_111419_112009_L.png
/home/Trachoma/annotated_data/FollicleDetection/SAMFollicleMasks/manual_check/Images/060333001297_111419_033814_R.png,/home/Trachoma/annotated_data/FollicleDetection/SAMFollicleMasks/manual_check/Mask/060333001297_111419_033814_R.png
/home/Trachoma/annotated_data/FollicleDetection/SAMFollicleMasks/manual_check/Images/060333001648_111519_122012_L.png,/home/Trachoma/annotated_data/FollicleDetection/SAMFollicleMasks/manual_check/Mask/060333001648_111519_122012_L.png
/home/Trachoma/annotated_data/FollicleDetection/SAMFollicleMasks/manual_check/Images/060333001662_111519_122756_R.png,/home/Trachoma/annotated_data/FollicleDetection/SAMFollicleMasks/manual_check/Mask/060333001662_111519_122756_R.png
/home/Trachoma/annotated_data/FollicleDetection/SAMFollicleMasks/manual_check/Images/060333001686_111519_123254_R.png,/home/Trachoma/annotated_data/FollicleDetection/SAMFollicleMasks/manual_check/Mask/060333001686_111519_123254_R.png
/home/Trachoma/annotated_data/FollicleDetection/SAMFollicleMasks/manual_check/Images/060333001686_111519_123322_L.png,/home/Trachoma/annotated_data/FollicleDetection/SAMFollicleMasks/manual_check/Mask/060333001686_111519_123322_L.png
/home/Trachoma/annotated_data/FollicleDetection/SAMFollicleMasks/manual_check/Images/060333001716_111519_125402_L.png,/home/Trachoma/annotated_data/FollicleDetection/SAMFollicleMasks/manual_check/Mask/060333001716_111519_125402_L.png
/home/Trachoma/annotated_data/FollicleDetection/SAMFollicleMasks/manual_check/Images/060333004410_112119_105118_L.png,/home/Trachoma/annotated_data/FollicleDetection/SAMFollicleMasks/manual_check/Mask/060333004410_112119_105118_L.png
/home/Trachoma/annotated_data/FollicleDetection/SAMFollicleMasks/manual_check/Images/060333004502_112119_124219_L.png,/home/Trachoma/annotated_data/FollicleDetection/SAMFollicleMasks/manual_check/Mask/060333004502_112119_124219_L.png
/home/Trachoma/annotated_data/FollicleDetection/SAMFollicleMasks/manual_check/Images/060333007152_111719_112919_L.png,/home/Trachoma/annotated_data/FollicleDetection/SAMFollicleMasks/manual_check/Mask/060333007152_111719_112919_L.png
/home/Trachoma/annotated_data/FollicleDetection/SAMFollicleMasks/manual_check/Images/060333007459_111719_032637_L.png,/home/Trachoma/annotated_data/FollicleDetection/SAMFollicleMasks/manual_check/Mask/060333007459_111719_032637_L.png
/home/Trachoma/annotated_data/FollicleDetection/SAMFollicleMasks/manual_check/Images/060333009835_111819_094919_L.png,/home/Trachoma/annotated_data/FollicleDetection/SAMFollicleMasks/manual_check/Mask/060333009835_111819_094919_L.png
/home/Trachoma/annotated_data/FollicleDetection/SAMFollicleMasks/manual_check/Images/060333009941_111819_111529_R.png,/home/Trachoma/annotated_data/FollicleDetection/SAMFollicleMasks/manual_check/Mask/060333009941_111819_111529_R.png
/home/Trachoma/annotated_data/FollicleDetection/SAMFollicleMasks/manual_check/Images/060333010114_111819_125858_R.png,/home/Trachoma/annotated_data/FollicleDetection/SAMFollicleMasks/manual_check/Mask/060333010114_111819_125858_R.png
/home/Trachoma/annotated_data/FollicleDetection/SAMFollicleMasks/manual_check/Images/0605006_166.png,/home/Trachoma/annotated_data/FollicleDetection/SAMFollicleMasks/manual_check/Mask/0605006_166.png
/home/Trachoma/annotated_data/FollicleDetection/SAMFollicleMasks/manual_check/Images/0605077_338.png,/home/Trachoma/annotated_data/FollicleDetection/SAMFollicleMasks/manual_check/Mask/0605077_338.png
/home/Trachoma/annotated_data/FollicleDetection/SAMFollicleMasks/manual_check/Images/0605109_427.png,/home/Trachoma/annotated_data/FollicleDetection/SAMFollicleMasks/manual_check/Mask/0605109_427.png
/home/Trachoma/annotated_data/FollicleDetection/SAMFollicleMasks/manual_check/Images/0606017_594.png,/home/Trachoma/annotated_data/FollicleDetection/SAMFollicleMasks/manual_check/Mask/0606017_594.png
/home/Trachoma/annotated_data/FollicleDetection/SAMFollicleMasks/manual_check/Images/0606057_696.png,/home/Trachoma/annotated_data/FollicleDetection/SAMFollicleMasks/manual_check/Mask/0606057_696.png
/home/Trachoma/annotated_data/FollicleDetection/SAMFollicleMasks/manual_check/Images/0619052_458.png,/home/Trachoma/annotated_data/FollicleDetection/SAMFollicleMasks/manual_check/Mask/0619052_458.png
/home/Trachoma/annotated_data/FollicleDetection/SAMFollicleMasks/manual_check/Images/0619096_579.png,/home/Trachoma/annotated_data/FollicleDetection/SAMFollicleMasks/manual_check/Mask/0619096_579.png
/home/Trachoma/annotated_data/FollicleDetection/SAMFollicleMasks/manual_check/Images/0619106_610.png,/home/Trachoma/annotated_data/FollicleDetection/SAMFollicleMasks/manual_check/Mask/0619106_610.png
/home/Trachoma/annotated_data/FollicleDetection/SAMFollicleMasks/manual_check/Images/0619106_611.png,/home/Trachoma/annotated_data/FollicleDetection/SAMFollicleMasks/manual_check/Mask/0619106_611.png
/home/Trachoma/annotated_data/FollicleDetection/SAMFollicleMasks/manual_check/Images/0619106_612.png,/home/Trachoma/annotated_data/FollicleDetection/SAMFollicleMasks/manual_check/Mask/0619106_612.png
/home/Trachoma/annotated_data/FollicleDetection/SAMFollicleMasks/manual_check/Images/0621006_537.png,/home/Trachoma/annotated_data/FollicleDetection/SAMFollicleMasks/manual_check/Mask/0621006_537.png
/home/Trachoma/annotated_data/FollicleDetection/SAMFollicleMasks/manual_check/Images/0621006_538.png,/home/Trachoma/annotated_data/FollicleDetection/SAMFollicleMasks/manual_check/Mask/0621006_538.png/home/Trachoma/annotated_data/FollicleDetection/SAMFollicleMasks/manual_check/Images/0624014_304.png,/home/Trachoma/annotated_data/FollicleDetection/SAMFollicleMasks/manual_check/Mask/0624014_304.png
/home/Trachoma/annotated_data/FollicleDetection/SAMFollicleMasks/manual_check/Images/0624036_360.png,/home/Trachoma/annotated_data/FollicleDetection/SAMFollicleMasks/manual_check/Mask/0624036_360.png
/home/Trachoma/annotated_data/FollicleDetection/SAMFollicleMasks/manual_check/Images/0624064_434.png,/home/Trachoma/annotated_data/FollicleDetection/SAMFollicleMasks/manual_check/Mask/0624064_434.png
/home/Trachoma/annotated_data/FollicleDetection/SAMFollicleMasks/manual_check/Images/0624064_435.png,/home/Trachoma/annotated_data/FollicleDetection/SAMFollicleMasks/manual_check/Mask/0624064_435.png
/home/Trachoma/annotated_data/FollicleDetection/SAMFollicleMasks/manual_check/Images/1001002_4.png,/home/Trachoma/annotated_data/FollicleDetection/SAMFollicleMasks/manual_check/Mask/1001002_4.png
/home/Trachoma/annotated_data/FollicleDetection/SAMFollicleMasks/manual_check/Images/1001002_5.png,/home/Trachoma/annotated_data/FollicleDetection/SAMFollicleMasks/manual_check/Mask/1001002_5.png
/home/Trachoma/annotated_data/FollicleDetection/SAMFollicleMasks/manual_check/Images/1001012_34.png,/home/Trachoma/annotated_data/FollicleDetection/SAMFollicleMasks/manual_check/Mask/1001012_34.png
/home/Trachoma/annotated_data/FollicleDetection/SAMFollicleMasks/manual_check/Images/1001012_35.png,/home/Trachoma/annotated_data/FollicleDetection/SAMFollicleMasks/manual_check/Mask/1001012_35.png
/home/Trachoma/annotated_data/FollicleDetection/SAMFollicleMasks/manual_check/Images/1001049_154.png,/home/Trachoma/annotated_data/FollicleDetection/SAMFollicleMasks/manual_check/Mask/1001049_154.png
/home/Trachoma/annotated_data/FollicleDetection/SAMFollicleMasks/manual_check/Images/1001069_5.png,/home/Trachoma/annotated_data/FollicleDetection/SAMFollicleMasks/manual_check/Mask/1001069_5.png
/home/Trachoma/annotated_data/FollicleDetection/SAMFollicleMasks/manual_check/Images/1002024_74.png,/home/Trachoma/annotated_data/FollicleDetection/SAMFollicleMasks/manual_check/Mask/1002024_74.png
/home/Trachoma/annotated_data/FollicleDetection/SAMFollicleMasks/manual_check/Images/1003015_47.png,/home/Trachoma/annotated_data/FollicleDetection/SAMFollicleMasks/manual_check/Mask/1003015_47.png
/home/Trachoma/annotated_data/FollicleDetection/SAMFollicleMasks/manual_check/Images/1003061_187.png,/home/Trachoma/annotated_data/FollicleDetection/SAMFollicleMasks/manual_check/Mask/1003061_187.png
/home/Trachoma/annotated_data/FollicleDetection/SAMFollicleMasks/manual_check/Images/0624014_304.png,/home/Trachoma/annotated_data/FollicleDetection/SAMFollicleMasks/manual_check/Mask/0624014_304.png
/home/Trachoma/annotated_data/FollicleDetection/SAMFollicleMasks/manual_check/Images/1003062_191.png,/home/Trachoma/annotated_data/FollicleDetection/SAMFollicleMasks/manual_check/Mask/1003062_191.png
/home/Trachoma/annotated_data/FollicleDetection/SAMFollicleMasks/manual_check/Images/IMG_0125.png,/home/Trachoma/annotated_data/FollicleDetection/SAMFollicleMasks/manual_check/Mask/IMG_0125.png
/home/Trachoma/annotated_data/FollicleDetection/SAMFollicleMasks/manual_check/Images/image1096.png,/home/Trachoma/annotated_data/FollicleDetection/SAMFollicleMasks/manual_check/Mask/image1096.png
